{"cameraMode":{"drawMode":0,"name":"Shaded","section":"Shading Mode"},"sceneLighting":false,"audioPlay":false,"sceneViewState":{"showFog":true,"showMaterialUpdate":true,"showSkybox":true,"showFlares":true,"showImageEffects":true,"showParticleSystems":true},"in2DMode":false,"pivot":{"x":0.005077362060546875,"y":0.455870121717453,"z":0.012219250202178955},"rotation":{"x":0.22158607840538026,"y":0.3081631064414978,"z":-0.0740455612540245,"w":0.9221997857093811},"size":2.727663040161133,"orthographic":false}