{"cameraMode":{"drawMode":0,"name":"Shaded","section":"Shading Mode"},"sceneLighting":true,"audioPlay":false,"sceneViewState":{"showFog":true,"showMaterialUpdate":true,"showSkybox":true,"showFlares":true,"showImageEffects":true,"showParticleSystems":true},"in2DMode":false,"pivot":{"x":0.23504041135311128,"y":0.9659246802330017,"z":-2.7938969135284426},"rotation":{"x":0.23542439937591554,"y":0.2306116819381714,"z":-0.057614222168922427,"w":0.9423769116401672},"size":6.603460311889648,"orthographic":false}